id,first_name,last_name,email,username,password
1,Verna,Simmgen,vsimmgen0@state.tx.us,vsimmgen0,qygBT5L
2,Chevy,Pirolini,cpirolini1@prlog.org,cpirolini1,PRs3yq3
3,Aland,Rosensaft,arosensaft2@soundcloud.com,arosensaft2,fLZ0tNiAj
4,Papageno,Pidcock,ppidcock3@google.com.br,ppidcock3,4avgXN2KgEFi
5,Beryl,MacTurlough,bmacturlough4@buzzfeed.com,bmacturlough4,qJlvIWat
6,Lewes,Bolin,lbolin5@blogs.com,lbolin5,qC6tSZrhUC1c
7,Pablo,Hindshaw,phindshaw6@unc.edu,phindshaw6,xYeHiq
8,Chrystal,Mulrean,cmulrean7@slideshare.net,cmulrean7,rB1vTAA1P
9,Elisabeth,Quinion,equinion8@hubpages.com,equinion8,kgSzRSYzTsvi
10,Bailey,Woodburne,bwoodburne9@redcross.org,bwoodburne9,tsmmBmbtwfiE
11,Shay,Fitchew,sfitchewa@bizjournals.com,sfitchewa,0Dd2zQB
12,Agatha,Hastewell,ahastewellb@apple.com,ahastewellb,epnLXu
13,Josephina,Reuven,jreuvenc@ifeng.com,jreuvenc,UZqzs2sZENw
14,Ahmed,Moodycliffe,amoodycliffed@patch.com,amoodycliffed,rL0ZUQA
15,Kare,Augie,kaugiee@chron.com,kaugiee,or8DyTD
16,Perceval,Logue,ploguef@walmart.com,ploguef,fyazNUg
17,Jackquelin,Benoy,jbenoyg@is.gd,jbenoyg,ScTjTrmL
18,Shermie,Gerbl,sgerblh@oracle.com,sgerblh,yGBXAR
19,Robinia,Caygill,rcaygilli@cyberchimps.com,rcaygilli,ZuD2v7q
20,Holly,Lambersen,hlambersenj@who.int,hlambersenj,DFahhWA
21,Chet,Kitchen,ckitchenk@merriam-webster.com,ckitchenk,NEKzZPvV3A
22,Doloritas,Cocozza,dcocozzal@telegraph.co.uk,dcocozzal,WS3uepc
23,Ivy,Gargett,igargettm@marketwatch.com,igargettm,EZ4UJa8APKL
24,Hamid,Jammet,hjammetn@macromedia.com,hjammetn,xBd12vHR7C
25,Chrissie,Matuska,cmatuskao@answers.com,cmatuskao,ht6BmB
26,Gus,Thwaites,gthwaitesp@de.vu,gthwaitesp,cFUjTu6MwIe
27,Joela,Crossman,jcrossmanq@cargocollective.com,jcrossmanq,8khTlKc3a
28,Prentice,Bigg,pbiggr@scientificamerican.com,pbiggr,kCf0RD8qX
29,Bettine,Artindale,bartindales@chronoengine.com,bartindales,j4UUQi9BXf
30,Alameda,Jikylls,ajikyllst@hhs.gov,ajikyllst,izZ1KG
31,Modestine,Griss,mgrissu@nasa.gov,mgrissu,5nhM0ESX
32,Doro,Lufkin,dlufkinv@discovery.com,dlufkinv,rG41MZe4h
33,Corey,Brusle,cbruslew@seattletimes.com,cbruslew,tAgD4L6Lr
34,Alfons,Emslie,aemsliex@guardian.co.uk,aemsliex,EcW041OV
35,Kylila,Iacovazzi,kiacovazziy@barnesandnoble.com,kiacovazziy,e6m17u7v
36,Cloe,Gruszka,cgruszkaz@soundcloud.com,cgruszkaz,nfjCnc1rPYcJ
37,Carena,Caughte,ccaughte10@examiner.com,ccaughte10,xlj5KnXCts
38,Emmery,Corssen,ecorssen11@example.com,ecorssen11,gQYjFejEMUM
39,Orlan,Cayzer,ocayzer12@mlb.com,ocayzer12,D2ioacmlQyG
40,Irvine,Bagley,ibagley13@wsj.com,ibagley13,6EKGb2US
41,Ysabel,Van Castele,yvancastele14@sfgate.com,yvancastele14,dGQXgqbN3
42,Amby,Petruk,apetruk15@360.cn,apetruk15,8vvOiO9U
43,Lanita,Sotheby,lsotheby16@csmonitor.com,lsotheby16,3vDNfq8kV
44,Roseanna,Esgate,resgate17@amazon.com,resgate17,aRkV0E931Yi
45,Augustin,Janic,ajanic18@seattletimes.com,ajanic18,2cwsQxAWKY3j
46,Aldis,Lorand,alorand19@vinaora.com,alorand19,lWBNqAVQMeo
47,Clary,Handscomb,chandscomb1a@meetup.com,chandscomb1a,mjkueVxmswz
48,Jerome,Pellissier,jpellissier1b@yandex.ru,jpellissier1b,p9rkBZo4m4VV
49,Ingra,McNiven,imcniven1c@reddit.com,imcniven1c,HJqRcNIcN
50,Josey,Kenworthy,jkenworthy1d@jigsy.com,jkenworthy1d,h6yL1jc
